OrderNum,FirstName,LastName,ShippingAddress,ShippingCity,ShippingState,ShippingZip,Phone,Email,OrderTotal,TrackingNum,OrderDate,ShipDate
1,Shana,Pope,929-8114 Lacus. Rd.,Fayetteville,AR,71339,586-414-5123,tincidunt@Etiambibendum.edu,478.88,3BC733A6-5D89-8E7E-9E05-7D039536BF68,2020-10-03T11:38:46-07:00,2020-10-07T02:33:57-07:00
2,Zane,Juarez,Ap #602-4030 Dolor Av.,Wyoming,WY,25039,604-925-3478,lectus.pede.et@Aliquamvulputate.edu,482.71,8C55A65A-89DA-2062-88CD-72B668CF12CC,2020-10-03T17:22:30-07:00,2020-10-08T02:32:14-07:00
3,Dalton,Decker,302-4979 Id Rd.,Madison,WI,67082,143-741-1591,eget.tincidunt.dui@egetlaoreet.edu,252.81,58B2C186-0BBF-8500-F6E0-6DB806ED7B8E,2020-10-04T08:58:57-07:00,2020-10-06T20:54:56-07:00
4,Clinton,Erickson,Ap #725-7966 Ac Ave,Sterling Heights,MI,21500,717-302-9429,aliquet@lacusvestibulum.net,431.4,A2F321CF-217C-C5DD-4CB0-CE74D3E3A018,2020-10-06T18:16:59-07:00,2020-10-07T05:02:22-07:00
5,Lani,Anthony,"4696 Nec, Road",Shreveport,LA,67337,501-463-9976,cursus.et.eros@idantedictum.edu,369.05,E17DD9B4-0D89-E5DD-5582-5DAE5EF98FFA,2020-10-04T06:52:59-07:00,2020-10-06T02:51:35-07:00
6,Plato,Zimmerman,994 Dui. Avenue,San Jose,CA,94070,733-514-1347,auctor.Mauris@semmollisdui.com,230.44,7337B4C6-5514-E737-2E77-A6B7F83E64AC,2020-10-06T20:42:20-07:00,2020-10-08T07:24:03-07:00
7,Deborah,Jimenez,160-3207 Morbi Rd.,College,AK,99905,704-744-5753,tempus.non.lacinia@scelerisquemollisPhasellus.edu,328.17,A5F5C0F8-738D-23B6-78A2-F81AB8F8F1DB,2020-10-03T17:39:09-07:00,2020-10-07T21:59:27-07:00
8,Jared,Duke,2953 Consequat Rd.,Springfield,MA,32585,883-378-1242,Nam.interdum.enim@ridiculusmusProin.com,163.67,5E315DD7-C20A-5122-E3D4-FA33BF9A867D,2020-10-06T18:40:28-07:00,2020-10-08T13:34:37-07:00
9,Jasmine,Bond,"108-9425 Sed, Street",Great Falls,MT,21427,268-338-8212,Donec.at@eleifend.org,57.68,8E8D9D7C-C79B-6C66-10EE-FC69CBD445D1,2020-10-05T23:27:54-07:00,2020-10-08T00:30:54-07:00
10,Carlos,Malone,Ap #418-3006 Adipiscing Rd.,West Jordan,UT,97333,103-526-6919,venenatis.a@Etiamligula.edu,489.1,12AFCB41-F42C-9328-8491-B57063E261E9,2020-10-04T22:01:17-07:00,2020-10-06T06:02:59-07:00
11,Jamalia,Greer,Ap #773-9346 Molestie Avenue,Lafayette,LA,90632,364-894-3374,blandit.enim.consequat@sagittis.com,97.57,91F21B8A-C4C1-84CA-BD58-B9FA29EFCC39,2020-10-05T11:12:43-07:00,2020-10-07T11:27:23-07:00
12,Tamara,Leblanc,897-9184 Ac Rd.,Akron,OH,96923,834-812-9306,mauris@aliquetlobortisnisi.org,319.06,7D899F38-2CAC-9D87-7FCB-556D45244F2E,2020-10-04T08:07:06-07:00,2020-10-06T02:50:24-07:00
13,Alan,Barnes,"Ap #950-6086 Purus, Ave",Mesa,AZ,85116,877-400-2013,nec.enim@Inat.edu,472.95,16F5FFCE-C491-B195-4251-D541D52BA6E4,2020-10-03T21:09:58-07:00,2020-10-08T13:30:28-07:00
14,Zeus,Strong,547-5219 Lacus Street,West Valley City,UT,43016,115-782-7379,lorem.luctus@eunullaat.edu,318.85,8C818F1C-3643-9A54-97BF-9907F61D9F00,2020-10-06T09:36:14-07:00,2020-10-06T11:50:21-07:00
15,Yoko,Wong,412-9763 Ad Ave,Knoxville,TN,32146,152-311-3046,Donec.tincidunt@egetipsum.com,215.96,6B5966BA-0A7B-281B-323A-F78E002A6D5E,2020-10-06T02:12:04-07:00,2020-10-06T01:15:18-07:00
16,Lillith,Ford,Ap #391-1647 Cursus. Avenue,Hartford,CT,48741,720-845-9003,Ut.sagittis@Aliquam.net,385.45,A5C81107-46B0-4116-A100-AE2D80FACBF1,2020-10-04T18:21:45-07:00,2020-10-08T15:53:09-07:00
17,Silas,Webb,"P.O. Box 920, 7663 Ultrices Rd.",Virginia Beach,VA,88383,107-688-2091,pretium.neque.Morbi@Nulladignissim.com,99.69,AC4FE710-E14A-881C-47C0-AD31CC1C0D0F,2020-10-04T09:35:54-07:00,2020-10-08T19:17:15-07:00
18,Aurora,Tyson,"P.O. Box 920, 2824 Aenean Av.",Bloomington,MN,53371,759-788-1112,Nullam.velit@nisl.edu,248.2,44A4C66C-D216-8C26-F53B-D5B264BE9BDF,2020-10-05T15:55:53-07:00,2020-10-08T10:54:28-07:00
19,Garrett,Abbott,Ap #628-7347 Nonummy. St.,Bozeman,MT,87736,680-846-1873,semper2Integerurna.com,116.95,A2D797BF-21D8-CFA5-F55A-8E7932C42E65,2020-10-03T16:56:56-07:00,2020-10-08T02:25:43-07:00
20,Chelsea,Lamb,1387 Tellus. Av.,Waterbury,CT,38370,100-207-9102,ipsum@musAenean.org,203.79,229673B9-F23E-C26E-8012-374D5CC38222,2020-10-06T12:47:27-07:00,2020-10-06T02:22:57-07:00
21,Wyoming,Randolph,"5904 Amet, Ave",Pike Creek,DE,56104,856-744-8257,consectetuer@vitae.com,352.35,6A41F749-5503-F0F5-6015-4D09EC54BD9E,2020-10-05T16:26:44-07:00,2020-10-06T04:30:33-07:00
22,Ina,Hurley,5682 Tincidunt Road,Honolulu,HI,22088,7965136965,non.cursus@ultricesVivamusrhoncus.com,218.39,790F0D2D-B991-8274-AE05-AE0041F21474,2020-10-06T08:25:38-07:00,2020-10-08T17:15:27-07:00
23,Shad,George,8136 Tellus. Rd.,Aurora,CO,97826,440-183-5472,lectus.ante@eget.edu,173.3,96B0DD0D-E8DD-0B1A-08DD-A9D487200128,2020-10-03T17:21:52-07:00,2020-10-08T02:36:05-07:00
24,Damian,Mills,1101 Ac Ave,Columbus,OH,21505,577-192-8742,at.velit.Cras!Integer.com,447.34,0C212C18-FFED-F6DC-1AD4-EADC205CF773,2020-10-03T04:35:42-07:00,2020-10-06T21:27:37-07:00
25,Charles,Madden,"P.O. Box 164, 3295 Maecenas St.",Erie,PA,79146,631-412-1585,mauris.sapien@sed.com,267.03,600F01CB-7AD8-4381-9D11-8CF59BD1E02E,2020-10-04T20:30:43-07:00,2020-10-06T22:58:03-07:00
26,Hasad,Gilbert,"P.O. Box 280, 4943 Ut, Road",Tallahassee,FL,74585,144-470-6648,ut.odio@risuscom,392.05,7526D8F3-F805-FAA7-94FE-599D3C91446E,2020-10-05T17:47:00-07:00,2020-10-06T08:59:15-07:00
27,Tamara,Wade,Ap #653-9171 Bibendum Road,Norman,OK,82827,840-138-0452,parturient@dapibusquam.com,295.71,E7F84C01-8F31-0E92-07B7-2F7CE13D0EE9,2020-10-05T22:25:13-07:00,2020-10-06T10:08:32-07:00
28,Jillian,Thomas,4986 Libero St.,Casper,WY,57951,386-474-0198,hymenaeos.Mauris.ut@Donecfelisorci.com,343.74,470B8498-191D-A130-C8CF-30E3177B6176,2020-10-04T11:00:31-07:00,2020-10-08T10:17:34-07:00
29,Meredith,Blankenship,355 Sed Road,Columbia,MD,23914,801-930-6092,pede.ac@variuset.edu,448.56,010B5743-D5BD-1845-87E3-FF9B17CD0213,2020-10-04T13:23:10-07:00,2020-10-07T11:04:08-07:00
30,Kennedy,Cochran,721-284 Gravida Avenue,Bozeman,MT,17719,861-777-4751,eget@volutpatNulla.org,401.12,367D71C6-3E48-E0B1-151E-8D990077C7BA,2020-10-04T15:23:25-07:00,2020-10-06T13:11:19-07:00
31,Brendan,Chavez,Ap #346-4615 Tincidunt Road,Lansing,MI,96242,168-844-8851,Sed.et@egestasAliquam.org,312.79,E15B5077-259B-3F10-4768-75EA2FDBACC4,2020-10-06T22:59:12-07:00,2020-10-08T14:31:04-07:00
32,Quentin,Daniel,2964 Dictum Ave,Rutland,VT,86658,148-666-9822,ipsum.sodales@neque.edu,140.79,430316C1-0E0A-B263-0217-5FC867354735,2020-10-03T21:39:58-07:00,2020-10-07T20:11:22-07:00
33,Porter,Buckley,"P.O. Box 676, 313 Eu, Av.",Sacramento,CA,91770,941-319-3938,non@vitaeerat.edu,333.39,F1479459-5FBD-09A0-DDF2-BF7D2D5D9F34,2020-10-04T06:40:02-07:00,2020-10-06T22:10:25-07:00
34,Jesse,Cole,Ap #737-3334 Nullam Road,Cleveland,OH,95898,854-405-7101,aliquam@risus.com,50.07,2B23FF70-DAD2-1802-C90F-E648CEFB55A7,2020-10-06T10:48:14-07:00,2020-10-08T01:57:17-07:00
35,Lacy,Jensen,Ap #137-7684 Ipsum. Av.,Georgia,GA,18157,815-589-8642,tristique@Curae.org,398.62,477BB73D-D1EA-B988-5BED-4988245959D8,2020-10-05T06:55:04-07:00,2020-10-08T05:51:38-07:00
36,Dolan,Good,"P.O. Box 263, 8394 Morbi Av.",Atlanta,GA,62361,991-365-1525,Aliquam.nec.enim@morbitristique.net,102.84,A735275C-BD59-BC32-8367-9FA79BEBA4AE,2020-10-06T06:09:13-07:00,2020-10-07T10:18:08-07:00
37,Warren,Moses,1229 Sed Road,Newport News,VA,51078,840-586-0349,ac.mi.eleifend@vitaealiquetnec.edu,182.41,8E830872-816B-8D96-38CC-E649280A15B1,2020-10-03T18:33:22-07:00,2020-10-06T23:53:48-07:00
38,Daryl,Alvarado,Ap #335-6572 Cursus Avenue,Lafayette,LA,44929,864-772-1030,ante.Nunc@litora.edu,278.16,B3225739-5359-B0F7-EF80-4BC79B3919BB,2020-10-04T09:48:04-07:00,2020-10-08T06:36:43-07:00
39,Baker,Knapp,Ap #661-4239 Risus. Rd.,Sioux City,IA,91536,328-998-5490,sit@Fuscemi.edu,338.24,03AEA0E1-8B14-080B-EC7F-9E3E4C12995F,2020-10-04T21:03:15-07:00,2020-10-08T09:11:06-07:00
40,Karly,Bond,"P.O. Box 786, 8471 Tellus St.",Missoula,MT,83846,559-627-3516,metus.Vivamus.euismod@sociosqu.edu,319.42,81286147-0E5D-137D-3CA0-EB52BB5E8385,2020-10-03T00:20:45-07:00,2020-10-07T22:42:05-07:00
41,Elizabeth,Buchanan,"317-2802 Tempor, St.",Casper,WY,31570,714-997-1888,sed.hendrerit@ultricesposuere.edu,11.71,1407449B-CB10-BFE6-5292-39F25774870F,2020-10-04T11:54:05-07:00,2020-10-07T00:01:54-07:00
42,Bevis,Ford,"Ap #761-1919 Vitae, Rd.",Dallas,TX,75244,650-151-7979,Pellentesque@ornareIn.org,166.26,714E2A3A-8E30-A12E-B21D-7D7A4CF1FC45,2020-10-06T21:00:06-07:00,2020-10-06T09:44:19-07:00
43,Cally,Bird,903-6934 Magna. Road,Mesa,AZ,86808,432-669-8626,ultrices.iaculis.odio@Aeneanegetmetus.org,148.17,F1942D21-34C8-B38E-04B8-5F6480D8C96A,2020-10-06T19:34:46-07:00,2020-10-06T20:58:05-07:00
44,Imani,Garcia,"7881 Et, Street",Billings,MT,30630,358-291-6059,ipsum.Suspendisse.non@adipiscing.com,233.36,D8297C5C-F811-D4A1-0179-D0F7C244DDD0,2020-10-04T20:32:59-07:00,2020-10-08T02:41:34-07:00
45,Quinlan,Church,7331 Amet Rd.,Waterbury,CT,20932,894-145-2109,sed@aptent.net,144.64,2CBDC570-FE26-8B60-DE3C-CCDFF3BA0C7A,2020-10-06T11:06:15-07:00,2020-10-08T10:03:37-07:00
46,Macey,Frederick,7651 Iaculis St.,San Francisco,CA,92531,362-490-8705,velit.dui.semper@ligulaNullam.edu,410.7,8728B177-8F5A-B28C-6DD1-5C5B17A2FE7D,2020-10-05T11:41:02-07:00,2020-10-07T05:07:10-07:00
47,Guy,Baxter,Ap #300-1874 Accumsan Ave,Fairbanks,AK,99676,(645)172-0302,velit.Sed@sit.org,470.38,9B6BBE21-98C5-003B-EE8A-D90F513CB7C0,2020-10-03T04:06:20-07:00,2020-10-06T21:06:57-07:00
48,Hermione,Cooley,Ap #444-4707 At Avenue,Kailua,HI,99469,450-908-4926,Phasellus.dapibus.quam@miAliquam.edu,429.5,5F16B81D-E51D-BFAD-BE0A-5A0ADD7603D1,2020-10-04T06:19:14-07:00,2020-10-06T14:24:54-07:00
49,Erin,Padilla,Ap #671-7779 Eu Rd.,Hartford,CT,88524,153-781-0613,risus.Donec@auctornonfeugiat.com,120.32,96ED11A8-6222-7D33-2D8D-74D8D2368EDE,2020-10-04T15:51:10-07:00,2020-10-08T11:57:21-07:00
50,Karleigh,Stout,"P.O. Box 838, 4521 Non, Av.",Sioux City,IA,75275,730-606-2105,pellentesque.Sed.dictum@dis.org,298.48,EBE88CA0-1FE7-84B3-FFFD-D4971E75F11C,2020-10-05T17:35:00-07:00,2020-10-08T20:27:20-07:00
51,Ramona,Sampson,294-2993 Duis Rd.,Jacksonville,FL,90430,313-936-7659,velit.eget.laoreet@ligulaNullamfeugiat.net,281.71,7739C867-3664-9640-7654-CCAFAC7820BF,2020-10-05T01:04:14-07:00,2020-10-06T08:54:31-07:00
52,Chancellor,Oneil,Ap #240-735 Natoque Avenue,Saint Paul,MN,86108,962-156-9608,facilisis@consectetuerrhoncus.edu,50.31,A71188E5-7082-C30D-9F3E-179DE8AC2F09,2020-10-05T22:11:12-07:00,2020-10-07T15:43:12-07:00
53,Melinda,Daugherty,3177 Ut Rd.,Helena,MT,57983,222-742-1336,blandit.congue@ipsumDonecsollicitudincmo,467.18,9CD1C2B6-BDB9-D68C-F9BF-CD1316BCC6A6,2020-10-06T21:43:18-07:00,2020-10-07T22:28:19-07:00
54,Jennifer,Everett,5253 Aliquet Avenue,Kansas City,MO,55366,131-269-5775,taciti.sociosqu@vitae.com,380.34,779D3CF2-3FEB-1C0F-B0DB-A2F75B49F9BA,2020-10-05T00:58:01-07:00,2020-10-06T07:13:13-07:00
55,Deirdre,Wise,Ap #433-5625 Est Av.,Cincinnati,OH,64627,635-912-0488,iaculis.lacus@ipsumacmi.com,204.58,D703A3FE-5BE1-CD21-3903-0CDDA165D298,2020-10-04T22:45:07-07:00,2020-10-06T04:14:30-07:00
56,Mannix,Matthews,"P.O. Box 149, 9681 Interdum. Rd.",Kailua,HI,37771,601-876-9257,malesuada.fames.ac@urna.edu,68.61,D8712783-9C53-B395-61E5-C3017F9E147D,2020-10-03T02:46:46-07:00,2020-10-06T21:13:11-07:00
57,Zelda,Chang,"P.O. Box 173, 7946 Odio. St.",Savannah,GA,48429,942-935-3742,ipsum@estacfacilisis.com,405.81,C02E9B73-ECE6-B134-88B7-05ED58912F01,2020-10-06T21:02:10-07:00,2020-10-07T12:30:16-07:00
58,Elmo,Watts,Ap #720-4407 Sagittis Rd.,Little Rock,AR,71701,855-562-8533,eu.turpis@sedhendrerit.com,239.6,F57FC755-78E7-984B-AB1F-28B16ABE9380,2020-10-06T02:31:09-07:00,2020-10-07T05:18:38-07:00
59,Kitra,Ayala,"Ap #118-2996 Et, Road",Rockville,MD,96812,443-733-0188,massa@sedturpisnec.edu,427.16,9688389E-7119-2E31-156E-826A22FDE02F,2020-10-04T20:27:28-07:00,2020-10-07T07:25:49-07:00
60,Mollie,Atkinson,9469 Enim. St.,Tulsa,OK,96086,175-999-3288,Nulla.semper.tellus@lectusNullamsuscipit.com,96.45,F3342B7B-DAA8-D843-0093-73F95698D9AE,2020-10-06T17:51:33-07:00,2020-10-08T15:43:02-07:00
61,Autumn,Mcbride,338-4793 Felis Rd.,Rockville,MD,58503,300-966-3986,pede.ultrices.a@utaliquamiaculis.com,174.3,CB2ECE94-F170-459C-93EF-98A8771580E8,2020-10-03T09:19:25-07:00,2020-10-08T18:22:53-07:00
62,Caleb,Head,5274 Mus. Rd.,Richmond,VA,46167,615-575-8615,vel@Curabituregestasnunc.com,48.71,8A9811A8-F2AB-BA0D-7857-175425B3634F,2020-10-06T11:36:57-07:00,2020-10-06T12:14:16-07:00
63,Oliver,Newman,"P.O. Box 309, 4021 Praesent Avenue",Omaha,NE,11037,730-592-3609,mauris.Morbi.non@maurisSuspendissealiquet.edu,228.33,92E9844D-9830-5F97-46D6-5DED6E3D5BE4,2020-10-06T05:01:09-07:00,2020-10-07T15:46:56-07:00
64,Nathan,Lancaster,137-3705 Dictum. Avenue,Des Moines,IA,84908,726-856-0179,nonummy.ultricies@eget.com,494.13,AB7925BB-E23E-8B0D-9843-A4C1DAAD74F9,2020-10-03T02:38:38-07:00,2020-10-06T21:24:32-07:00
65,Thor,Sears,8206 Sed St.,Owensboro,KY,14173,284-798-8914,erat@mattis.edu,171.06,17EDF293-6CF4-01FA-FABB-FB546A938188,2020-10-04T19:32:47-07:00,2020-10-06T04:55:59-07:00
66,Laith,Vang,Ap #191-4400 Auctor. St.,Los Angeles,CA,96528,663-391-5799,facilisis.eget@temporaugueac.net,93.62,A1F31248-6ACC-083F-3EF4-88B289CA6E1A,2020-10-03T01:24:52-07:00,2020-10-06T21:24:56-07:00
67,Winter,Cooley,100-2303 Adipiscing Ave,Newark,DE,16739,685-566-9206,arcu@ultrices.com,277.69,88E4CB32-66B5-3304-F792-C506A1D32782,2020-10-03T12:41:42-07:00,2020-10-06T01:09:34-07:00
68,Carson,Johnston,Ap #443-2175 Condimentum Rd.,Juneau,AK,99745,965-385-0547,vulputate@nonenimMauris.net,231.14,83F1EB10-5277-38F9-A2BD-E54339EBAB2D,2020-10-05T23:27:03-07:00,2020-10-08T15:39:12-07:00
69,Rigel,Stout,"P.O. Box 630, 2009 Vel Rd.",Tampa,FL,29767,474-602-5699,vestibulum.nec.euismod@Integerid.org,247.51,9E7386DF-A930-DC24-DE70-710DE8D91C5D,2020-10-04T20:18:20-07:00,2020-10-06T12:04:05-07:00
70,Rogan,Woods,134-1969 Dictum. Ave,South Burlington,VT,38556,610-516-5619,est.arcu.ac@Fuscealiquet.com,113.69,BDE0DE15-B9F6-D846-9AF6-69F410EC4B34,2020-10-04T14:19:20-07:00,2020-10-07T21:24:28-07:00
71,Francis,Lee,855-5470 Lacus. Rd.,Cedar Rapids,IA,62138,706-109-2952,In.mi@risus.com,121.78,02146D80-7A3F-E402-659A-0A4016618F27,2020-10-04T07:29:38-07:00,2020-10-08T20:51:27-07:00
72,Sheila,Patterson,5719 Sociis Rd.,Rock Springs,WY,96910,826-264-5208,malesuada.Integer.id@vitaediamProin.com,462.82,D9C5442E-2086-48A4-E400-36B06A315FF7,2020-10-05T20:25:29-07:00,2020-10-08T21:36:42-07:00
73,Ruth,Cooke,Ap #819-3034 Ut St.,Essex,VT,15384,850-247-5011,quis@tinciduntnequevitae.net,436.27,F0D69E35-2A4C-88E7-98FB-6B7D6AA769F3,2020-10-04T22:46:37-07:00,2020-10-07T04:22:59-07:00
74,Aidan,Noble,"P.O. Box 153, 7541 Ante Road",Tampa,FL,79849,129-783-8174,rhoncus@Sed.eud,61.54,978B28EE-BBE5-19EB-E30F-817934CAE8E7,2020-10-05T01:47:30-07:00,2020-10-07T00:05:35-07:00
75,Mari,Wallace,Ap #521-1540 Hendrerit Rd.,Springfield,MA,68770,268-891-3239,eget.massa@gravida.net,316.47,9D4900A0-EB0B-1286-3C88-9CFF4CBFFC54,2020-10-03T05:10:02-07:00,2020-10-06T00:14:21-07:00
76,Zena,Young,661-3805 Tellus St.,Anchorage,AK,99658,852-268-6189,nec.diam.Duis@elementumlorem.edu,405,85A171B7-A9B1-5529-CDEC-E36DA76AC4DF,2020-10-04T21:43:36-07:00,2020-10-07T10:51:21-07:00
77,Venus,Soto,3417 Augue. Avenue,Honolulu,HI,42131,837-662-9216,nunc.sed.libero@Nullaegetmetus.com,289.33,4C27493C-F092-2D84-AECD-F634ADFEB4E7,2020-10-04T06:24:54-07:00,2020-10-08T05:34:05-07:00
78,Tiger,Jimenez,"P.O. Box 234, 7618 Nulla Ave",Davenport,IA,29108,623-323-0368,diam.luctus.lobortis@faucibusleo.org,0.06,B1162FC0-70D5-C6A5-635B-FF64D32CF1DF,2020-10-06T23:10:23-07:00,2020-10-07T10:30:56-07:00
79,Mufutau,Webster,"P.O. Box 150, 8856 Sem Rd.",Honolulu,HI,73701,873-498-2129,tempus.risus@dictum.org,210.66,8445AB62-27D8-CF9E-AD6F-5123A53CC029,2020-10-03T19:04:01-07:00,2020-10-07T19:26:19-07:00
80,Amir,Dejesus,9171 Neque Street,Flint,MI,32916,851-413-2682,vestibulum.massa@vitaedolorDonec.org,480.91,DD16ED73-BC74-A774-4942-F5BF7CD5FB4F,2020-10-04T09:47:08-07:00,2020-10-08T04:06:21-07:00
81,Odessa,Doyle,Ap #537-9314 Lorem St.,Springdale,AR,71077,940-997-9394,porttitor.eros.nec@etrisus.org,408.27,502ABD87-741F-1471-A431-611BD87783CC,2020-10-05T22:18:27-07:00,2020-10-08T11:28:51-07:00
82,Jason,Evans,"112-2291 Felis, St.",Kansas City,KS,66329,685-829-1182,faucibus@fringilla.net,477.52,175584A5-3E0E-F2E4-F8A1-FDEDBB2BD570,2020-10-03T07:33:19-07:00,2020-10-08T03:26:02-07:00
83,Piper,Talley,Ap #727-883 Convallis Ave,Paradise,NV,39973,677-582-3148,quam.dignissim@massaIntegervitae.com,431.44,102C1EBC-D0B5-96DC-7A42-E5DE11ADB413,2020-10-06T07:15:03-07:00,2020-10-07T16:00:08-07:00
84,Autumn,Kelly,"Ap #405-5457 Et, St.",Jonesboro,AR,71526,758-4037,porttitor@sodales.edu,170.89,0B084C99-519C-C89E-3FA3-B2538999123A,2020-10-06T08:57:12-07:00,2020-10-07T23:26:05-07:00
85,Amir,Holloway,443-3179 Tincidunt Rd.,San Antonio,TX,89210,386-518-5415,velit@nonhendreritid.net,169.25,0CE40E53-5212-494C-84D8-A1BF8EB620EF,2020-10-05T14:43:32-07:00,2020-10-08T14:40:11-07:00
86,Xander,Tyler,309-9098 Iaculis Street,Warren,MI,61179,465-315-6322,sed.dui.Fusce@Nunc.org,279.56,5AB7F92E-FA56-8E4D-7BAC-2257289BD733,2020-10-05T12:38:02-07:00,2020-10-08T16:54:19-07:00
87,Celeste,Gentry,1090 Tortor. Street,Georgia,GA,86195,269-573-3489,ac.nulla.In@facilisis.com,477.97,49E8C0F1-B4B7-2C1E-CD34-E62D5D7F9D11,2020-10-05T01:34:04-07:00,2020-10-08T01:50:57-07:00
88,Thomas,Larson,428-3006 Cubilia St.,Mesa,AZ,85746,843-244-9651,elit.Aliquam@nonenimMauris.edu,439.73,764C85F8-8990-F45B-FF35-DA9A5D88730A,2020-10-06T03:42:03-07:00,2020-10-06T08:27:32-07:00
89,Abbot,Rodgers,5584 Arcu. Street,Frederick,MD,51619,967-407-5138,dolor.Fusce.mi@nequeNullamnisl.net,13.32,57FE6975-149E-1B79-8D14-A10FE9E3CEBA,2020-10-04T11:57:58-07:00,2020-10-08T14:54:30-07:00
90,Arthur,Richards,136-7649 Donec Road,Auburn,ME,26110,676-194-9142,semper.tellus.id@gravidamolestiearcu.net,122.33,E1AF8D91-6F4D-1D4C-39A3-862B729C72FA,2020-10-06T16:00:59-07:00,2020-10-06T01:35:01-07:00
91,Stuart,Flowers,Ap #998-4390 Eu Avenue,Sandy,UT,58285,206-629-3673,risus.a.ultricies@tinciduntnibh.org,235.71,6820AA4B-C8FC-8CA5-AB64-03047D23B11B,2020-10-03T06:22:49-07:00,2020-10-08T08:02:37-07:00
92,Justin,Goodman,Ap #788-8818 Ullamcorper St.,Waterbury,CT,30829,785-209-4574,et.netus.et@eueratsemper.net,14.37,DEF48B18-8C9E-E84F-3BA3-9A11BDE62410,2020-10-06T20:25:42-07:00,2020-10-08T11:43:09-07:00
93,Caldwell,Conley,Ap #345-8929 Nec Av.,Great Falls,MT,57691,966-430-7061,dolor.quam@id.ued,301.64,565213F0-EBDE-F958-AA82-BD1054BB5243,2020-10-04T06:00:33-07:00,2020-10-08T00:52:38-07:00
94,Chiquita,Olson,6129 Luctus Avenue,Southaven,MS,89570,279-196-4111,luctus.et@sitamet.com,474.37,BA618C78-633D-D7DD-7476-2C61A2E81E56,2020-10-05T15:48:39-07:00,2020-10-06T21:33:13-07:00
95,Moana,Leblanc,190-4850 Lacus. St.,Bowling Green,KY,60524,165-3961,a.ultricies@nunc.com,9.94,51293EE8-74CA-C20D-E17A-BC1F67F7A7BB,2020-10-03T07:37:19-07:00,2020-10-07T23:57:41-07:00
96,Justina,Obrien,Ap #811-7988 Dictum Ave,Portland,ME,28026,612-602-5361,nibh.Phasellus.nulla@conguea.edu,237.97,4FB15D43-2F07-ACFA-F932-CF7E8F519D78,2020-10-04T02:16:47-07:00,2020-10-06T18:58:32-07:00
97,Asher,Middleton,"P.O. Box 227, 3750 Enim. St.",Bridgeport,CT,86573,778-889-6811,nulla@etmagnis.org,421.92,05FD5772-AC5D-3A05-E5E0-B084638F7E6F,2020-10-06T10:35:06-07:00,2020-10-08T18:52:53-07:00
98,Isaiah,Brewer,312-7680 Varius Rd.,Frederick,MD,33196,8579113,ante.lectus.convallis@diamPellentesque.edu,127.06,E084D91E-BF40-32FD-8225-C9CE2C758A71,2020-10-06T23:03:31-07:00,2020-10-08T19:46:56-07:00
99,Cameran,Russell,"898-9139 Non, Ave",Augusta,ME,56671,731-719-7759,neque.pellentesque.massa@convallisest.net,343.86,FED67596-A038-0DAB-19E1-12C5F48BA9DC,2020-10-04T14:43:25-07:00,2020-10-08T22:05:25-07:00
100,Caesar,Valenzuela,330-1461 In Ave,Bellevue,NE,42413,118-117-8038,Morbi.vehicula.Pellentesque@cursusin.eduu,410.98,AB528152-B25B-13C1-BDD3-CE6E32D91162,2020-10-04T03:29:33-07:00,2020-10-07T00:47:51-07:00
